Field,tradesperson_count,avg_bid_amount
Carpentry,1,3500000.000000
Electrical,1,2250000.000000
HVAC,1,1200000.000000
Plumbing,1,900000.000000
